﻿<?xml version="1.0"?>
<doc>
<assembly>
<name>
JoustClone
</name>
</assembly>
<members>
<member name="P:JoustClone.My.Resources.Resources.ResourceManager">
	<summary>
  Returns the cached ResourceManager instance used by this class.
</summary>
</member><member name="P:JoustClone.My.Resources.Resources.Culture">
	<summary>
  Overrides the current thread's CurrentUICulture property for all
  resource lookups using this strongly typed resource class.
</summary>
</member><member name="P:JoustClone.My.Resources.Resources.bg_mountains">
	<summary>
  Looks up a localized resource of type System.Drawing.Bitmap.
</summary>
</member><member name="P:JoustClone.My.Resources.Resources.castle">
	<summary>
  Looks up a localized resource of type System.Drawing.Bitmap.
</summary>
</member><member name="P:JoustClone.My.Resources.Resources.clouds">
	<summary>
  Looks up a localized resource of type System.Drawing.Bitmap.
</summary>
</member><member name="P:JoustClone.My.Resources.Resources.crag">
	<summary>
  Looks up a localized resource of type System.Drawing.Bitmap.
</summary>
</member><member name="P:JoustClone.My.Resources.Resources.Credits">
	<summary>
  Looks up a localized string similar to PROGRAMMING
Alexander Macey



GRAPHICS
Alexander Macey



SOUND EFFECTS
Alexander Macey



MUSIC COMPOSED BY
Geoff and Tom Follin



INSPIRED BY
Joust




SPECIAL THANKS TO

James Cole, for no particular reason

Kenny T, For always keeping it real

Mr. Armstrong, For occasionally getting James to talk to someone else








But most of all








THANK YOU FOR PLAYING,

AND REMEMBER

A HERO IS YOU!.
</summary>
</member><member name="P:JoustClone.My.Resources.Resources.helmets">
	<summary>
  Looks up a localized resource of type System.Drawing.Bitmap.
</summary>
</member><member name="P:JoustClone.My.Resources.Resources.HIGHSCORES">
	<summary>
  Looks up a localized string similar to KING ARTHUR
10000
MORDRED
9000
SIR LANCELOT
8000
SIR GALLAHAD
5000
SIR GAWAIN
3000
SIR BEDEVIERE
2000
KNIGHT
1000
Alex Again
950
Alex Macey
450
DUNG-GATHERER
50
.
</summary>
</member><member name="P:JoustClone.My.Resources.Resources.knight_dismount">
	<summary>
  Looks up a localized resource of type System.Drawing.Bitmap.
</summary>
</member><member name="P:JoustClone.My.Resources.Resources.knight_fall">
	<summary>
  Looks up a localized resource of type System.Drawing.Bitmap.
</summary>
</member><member name="P:JoustClone.My.Resources.Resources.menu_bleep">
	<summary>
  Looks up a localized resource of type System.IO.UnmanagedMemoryStream similar to System.IO.MemoryStream.
</summary>
</member><member name="P:JoustClone.My.Resources.Resources.mount_down">
	<summary>
  Looks up a localized resource of type System.Drawing.Bitmap.
</summary>
</member><member name="P:JoustClone.My.Resources.Resources.Pickup_Coin14">
	<summary>
  Looks up a localized resource of type System.IO.UnmanagedMemoryStream similar to System.IO.MemoryStream.
</summary>
</member><member name="P:JoustClone.My.Resources.Resources.rider_dive">
	<summary>
  Looks up a localized resource of type System.Drawing.Bitmap.
</summary>
</member><member name="P:JoustClone.My.Resources.Resources.rider_down">
	<summary>
  Looks up a localized resource of type System.Drawing.Bitmap.
</summary>
</member><member name="P:JoustClone.My.Resources.Resources.rider_stand">
	<summary>
  Looks up a localized resource of type System.Drawing.Bitmap.
</summary>
</member><member name="P:JoustClone.My.Resources.Resources.rider_turn">
	<summary>
  Looks up a localized resource of type System.Drawing.Bitmap.
</summary>
</member><member name="P:JoustClone.My.Resources.Resources.rider_up">
	<summary>
  Looks up a localized resource of type System.Drawing.Bitmap.
</summary>
</member><member name="P:JoustClone.My.Resources.Resources.sfx_flap">
	<summary>
  Looks up a localized resource of type System.IO.UnmanagedMemoryStream similar to System.IO.MemoryStream.
</summary>
</member><member name="P:JoustClone.My.Resources.Resources.sfx_impale_enemy">
	<summary>
  Looks up a localized resource of type System.IO.UnmanagedMemoryStream similar to System.IO.MemoryStream.
</summary>
</member><member name="P:JoustClone.My.Resources.Resources.sfx_jump">
	<summary>
  Looks up a localized resource of type System.IO.UnmanagedMemoryStream similar to System.IO.MemoryStream.
</summary>
</member><member name="P:JoustClone.My.Resources.Resources.sfx_land">
	<summary>
  Looks up a localized resource of type System.IO.UnmanagedMemoryStream similar to System.IO.MemoryStream.
</summary>
</member><member name="P:JoustClone.My.Resources.Resources.sfx_losegame">
	<summary>
  Looks up a localized resource of type System.IO.UnmanagedMemoryStream similar to System.IO.MemoryStream.
</summary>
</member><member name="P:JoustClone.My.Resources.Resources.sfx_parry">
	<summary>
  Looks up a localized resource of type System.IO.UnmanagedMemoryStream similar to System.IO.MemoryStream.
</summary>
</member><member name="P:JoustClone.My.Resources.Resources.sfx_player_hit">
	<summary>
  Looks up a localized resource of type System.IO.UnmanagedMemoryStream similar to System.IO.MemoryStream.
</summary>
</member><member name="P:JoustClone.My.Resources.Resources.sfx_spawn">
	<summary>
  Looks up a localized resource of type System.IO.UnmanagedMemoryStream similar to System.IO.MemoryStream.
</summary>
</member><member name="T:JoustClone.My.Resources.Resources">
	<summary>
  A strongly-typed resource class, for looking up localized strings, etc.
</summary>
</member>
</members>
</doc>